{
    "id": "c2c35e71-75a1-429a-88f8-d057ac635417",
    "merchant_id": "bddbf2ac-fe19-4d1b-afe2-f8c0445d5e0e",
    "merchant_externa_id": "146036",
    "status": "PROCESSING",
    "created_at": "2021-02-10T00:51:32.720Z",
    "updated_at": "2021-02-11T18:11:48.873Z",
    "account_number": "179793726",
    "account_digit": "5",
    "bank_number": "032",
    "branch": "0001",
    "channel": "API",
    "email": "cariocamixoficial@gmail.com",
    "document_number": "26055953000140",
    "document_type": "CORPORATE",
    "acceptance_status": "ACCEPTED",
    "savings_account": false
}