[
	{
        "company_document": "26055953000140",
        "request_id": "c2c35e71-75a1-429a-88f8-d057ac635411",
        "restaurant_id": "1024378",
        "restaurant_uuid": "423878b0-be63-4fa3-9e7a-f65bff5504fb",
        "business_name": "Big Boca Unidade 1"
    }, {
        "company_document": "26055953000140",
        "request_id": "c2c35e71-75a1-429a-88f8-d057ac635412",
        "restaurant_id": "146036",
        "restaurant_uuid": "bddbf2ac-fe19-4d1b-afe2-f8c0445d5e0e",
        "business_name": "Big Boca Unidade 2"
    },	{
        "company_document": "26055953000140",
        "request_id": "c2c35e71-75a1-429a-88f8-d057ac635413",
        "restaurant_id": "1024378",
        "restaurant_uuid": "423878b0-be63-4fa3-9e7a-f65bff5504fb",
        "business_name": "Big Boca Unidade 1"
    }, {
        "company_document": "26055953000140",
        "request_id": "c2c35e71-75a1-429a-88f8-d057ac635414",
        "restaurant_id": "146036",
        "restaurant_uuid": "bddbf2ac-fe19-4d1b-afe2-f8c0445d5e0e",
        "business_name": "Big Boca Unidade 2"
    }
]